forward_or_backward,loss,grad_norm,step
b,0.021755514666438103,0.0,5050
b,0.019292019307613373,0.0,5100
b,0.021398181095719337,0.0,5150
b,0.019890615716576576,0.0,5200
b,0.019439250230789185,0.0,5250
b,0.019696339964866638,0.0,5300
b,0.020463133230805397,0.0,5350
b,0.020694242790341377,0.0,5400
b,0.0215010903775692,0.0,5450
b,0.020371748134493828,0.0,5500
b,0.01845751889050007,0.0,5550
b,0.019209124147892,0.0,5600
b,0.01981113851070404,0.0,5650
b,0.019823748618364334,0.0,5700
b,0.019437963142991066,0.0,5750
b,0.020766492933034897,0.0,5800
b,0.019886638969182968,0.0,5850
b,0.01980978436768055,0.0,5900
b,0.019351491704583168,0.0,5950
b,0.018670666962862015,0.0,6000
b,0.01900695450603962,0.0,6050
b,0.019558371976017952,0.0,6100
b,0.019522923976182938,0.0,6150
b,0.018708709627389908,0.0,6200
b,0.020607275888323784,0.0,6250
b,0.019451728090643883,0.0,6300
b,0.019161593168973923,0.0,6350
b,0.019628506153821945,0.0,6400
b,0.018662624061107635,0.0,6450
b,0.01940317638218403,0.0,6500
b,0.02000386454164982,0.0,6550
b,0.020387981086969376,0.0,6600
b,0.02176196686923504,0.0,6650
b,0.021094460040330887,0.0,6700
b,0.019004687666893005,0.0,6750
b,0.020122069865465164,0.0,6800
b,0.020924178883433342,0.0,6850
b,0.018962571397423744,0.0,6900
b,0.01752617210149765,0.0,6950
b,0.018867401406168938,0.0,7000
b,0.019464462995529175,0.0,7050
b,0.018682170659303665,0.0,7100
b,0.019538627937436104,0.0,7150
b,0.01909135840833187,0.0,7200
b,0.01912570558488369,0.0,7250
b,0.01872166059911251,0.0,7300
b,0.019105086103081703,0.0,7350
b,0.018696986138820648,0.0,7400
b,0.019347747787833214,0.0,7450
b,0.019689608365297318,0.0,7500
b,0.020120665431022644,0.0,7550
b,0.018748991191387177,0.0,7600
b,0.018736856058239937,0.0,7650
b,0.01884648948907852,0.0,7700
b,0.0169477891176939,0.0,7750
b,0.018638206645846367,0.0,7800
b,0.019307373091578484,0.0,7850
b,0.01848437823355198,0.0,7900
b,0.02029215171933174,0.0,7950
b,0.017778540030121803,0.0,8000
b,0.019431844353675842,0.0,8050
b,0.018530109897255898,0.0,8100
b,0.019053196534514427,0.0,8150
b,0.019603505730628967,0.0,8200
b,0.018951579928398132,0.0,8250
b,0.020734841004014015,0.0,8300
b,0.018772410228848457,0.0,8350
b,0.018442973494529724,0.0,8400
b,0.01936321333050728,0.0,8450
b,0.018993599340319633,0.0,8500
b,0.017895232886075974,0.0,8550
b,0.017968783155083656,0.0,8600
b,0.01814747415482998,0.0,8650
b,0.018310265615582466,0.0,8700
b,0.018350999802350998,0.0,8750
b,0.018930558115243912,0.0,8800
b,0.017843428999185562,0.0,8850
b,0.018194232136011124,0.0,8900
b,0.01946859061717987,0.0,8950
b,0.019895533099770546,0.0,9000
b,0.017396943643689156,0.0,9050
b,0.01821069046854973,0.0,9100
b,0.019236629828810692,0.0,9150
b,0.018020154908299446,0.0,9200
b,0.01899278350174427,0.0,9250
b,0.01908884570002556,0.0,9300
b,0.01906185783445835,0.0,9350
b,0.018316052854061127,0.0,9400
b,0.02038644813001156,0.0,9450
b,0.020018260926008224,0.0,9500
b,0.019916754215955734,0.0,9550
b,0.020429406315088272,0.0,9600
b,0.019984040409326553,0.0,9650
b,0.019027745351195335,0.0,9700
b,0.018485721200704575,0.0,9750
b,0.019608141854405403,0.0,9800
b,0.018727777525782585,0.0,9850
b,0.019819892942905426,0.0,9900
b,0.019636277109384537,0.0,9950
b,0.019699443131685257,0.0,10000
f,0.024207551032304764,0.0,5050
f,0.023311946541070938,0.0,5100
f,0.024681098759174347,0.0,5150
f,0.026681292802095413,0.0,5200
f,0.02485576830804348,0.0,5250
f,0.020382102578878403,0.0,5300
f,0.024240441620349884,0.0,5350
f,0.023260638117790222,0.0,5400
f,0.02330518513917923,0.0,5450
f,0.025746559724211693,0.0,5500
f,0.020940665155649185,0.0,5550
f,0.021047240123152733,0.0,5600
f,0.020303282886743546,0.0,5650
f,0.02163582667708397,0.0,5700
f,0.020395804196596146,0.0,5750
f,0.022245630621910095,0.0,5800
f,0.01976071484386921,0.0,5850
f,0.02102966606616974,0.0,5900
f,0.02095484733581543,0.0,5950
f,0.0211307592689991,0.0,6000
f,0.02127811871469021,0.0,6050
f,0.02078508958220482,0.0,6100
f,0.020147018134593964,0.0,6150
f,0.021151823922991753,0.0,6200
f,0.02082221955060959,0.0,6250
f,0.02124304324388504,0.0,6300
f,0.020779656246304512,0.0,6350
f,0.019737932831048965,0.0,6400
f,0.019997745752334595,0.0,6450
f,0.018999861553311348,0.0,6500
f,0.019962746649980545,0.0,6550
f,0.019126158207654953,0.0,6600
f,0.020960677415132523,0.0,6650
f,0.02054409496486187,0.0,6700
f,0.019634611904621124,0.0,6750
f,0.020551802590489388,0.0,6800
f,0.021285340189933777,0.0,6850
f,0.019727924838662148,0.0,6900
f,0.019647058099508286,0.0,6950
f,0.019805237650871277,0.0,7000
f,0.01997693069279194,0.0,7050
f,0.019256776198744774,0.0,7100
f,0.020669447258114815,0.0,7150
f,0.020200610160827637,0.0,7200
f,0.02115180902183056,0.0,7250
f,0.021602321416139603,0.0,7300
f,0.01991904154419899,0.0,7350
f,0.01942349039018154,0.0,7400
f,0.020443785935640335,0.0,7450
f,0.020602507516741753,0.0,7500
f,0.019645612686872482,0.0,7550
f,0.01917063631117344,0.0,7600
f,0.019834265112876892,0.0,7650
f,0.018876833841204643,0.0,7700
f,0.018294308334589005,0.0,7750
f,0.020590025931596756,0.0,7800
f,0.019631311297416687,0.0,7850
f,0.021297873929142952,0.0,7900
f,0.019705381244421005,0.0,7950
f,0.019493086263537407,0.0,8000
f,0.0200419332832098,0.0,8050
f,0.018976401537656784,0.0,8100
f,0.02060239017009735,0.0,8150
f,0.019549960270524025,0.0,8200
f,0.021421294659376144,0.0,8250
f,0.021116234362125397,0.0,8300
f,0.019199073314666748,0.0,8350
f,0.019281085580587387,0.0,8400
f,0.020220361649990082,0.0,8450
f,0.018876107409596443,0.0,8500
f,0.01962386816740036,0.0,8550
f,0.0202479287981987,0.0,8600
f,0.018731916323304176,0.0,8650
f,0.019740257412195206,0.0,8700
f,0.02010396309196949,0.0,8750
f,0.020117400214076042,0.0,8800
f,0.019545450806617737,0.0,8850
f,0.02013634704053402,0.0,8900
f,0.020733864977955818,0.0,8950
f,0.020074516534805298,0.0,9000
f,0.021016398444771767,0.0,9050
f,0.020045138895511627,0.0,9100
f,0.02176523581147194,0.0,9150
f,0.01879807934165001,0.0,9200
f,0.02062450721859932,0.0,9250
f,0.020733319222927094,0.0,9300
f,0.019140005111694336,0.0,9350
f,0.018341656774282455,0.0,9400
f,0.021240057423710823,0.0,9450
f,0.020581118762493134,0.0,9500
f,0.0192734282463789,0.0,9550
f,0.02156921662390232,0.0,9600
f,0.020293887704610825,0.0,9650
f,0.018709862604737282,0.0,9700
f,0.019896764308214188,0.0,9750
f,0.021362822502851486,0.0,9800
f,0.019519131630659103,0.0,9850
f,0.021324411034584045,0.0,9900
f,0.021412115544080734,0.0,9950
f,0.02086026594042778,0.0,10000
b,0.020869027823209763,0.0,10050
b,0.02088089846074581,0.0,10100
b,0.02413032576441765,0.0,10150
b,0.02334645204246044,0.0,10200
b,0.023132799193263054,0.0,10250
b,0.0226620901376009,0.0,10300
b,0.02172178216278553,0.0,10350
b,0.0230801273137331,0.0,10400
b,0.020702028647065163,0.0,10450
b,0.022452304139733315,0.0,10500
b,0.02136894129216671,0.0,10550
b,0.022691722959280014,0.0,10600
b,0.022463716566562653,0.0,10650
b,0.02024436928331852,0.0,10700
b,0.021575819700956345,0.0,10750
b,0.02194059267640114,0.0,10800
b,0.021971583366394043,0.0,10850
b,0.02024364285171032,0.0,10900
b,0.021427389234304428,0.0,10950
b,0.020514540374279022,0.0,11000
b,0.021818161010742188,0.0,11050
b,0.021151915192604065,0.0,11100
b,0.02238423563539982,0.0,11150
b,0.019338496029376984,0.0,11200
b,0.019145643338561058,0.0,11250
b,0.02081003226339817,0.0,11300
b,0.018982645124197006,0.0,11350
b,0.02235485427081585,0.0,11400
b,0.018635520711541176,0.0,11450
b,0.019700342789292336,0.0,11500
b,0.01972562074661255,0.0,11550
b,0.020049015060067177,0.0,11600
b,0.02132354862987995,0.0,11650
b,0.019691647961735725,0.0,11700
b,0.019590090960264206,0.0,11750
b,0.020126279443502426,0.0,11800
b,0.019373856484889984,0.0,11850
b,0.019333086907863617,0.0,11900
b,0.020506199449300766,0.0,11950
b,0.019810762256383896,0.0,12000
b,0.01979609951376915,0.0,12050
b,0.01933492161333561,0.0,12100
b,0.022118201479315758,0.0,12150
b,0.019662881270051003,0.0,12200
b,0.02023274265229702,0.0,12250
b,0.021697362884879112,0.0,12300
b,0.020818741992115974,0.0,12350
b,0.017747946083545685,0.0,12400
b,0.01837259531021118,0.0,12450
b,0.019241612404584885,0.0,12500
b,0.02081233449280262,0.0,12550
b,0.019732100889086723,0.0,12600
b,0.019246183335781097,0.0,12650
b,0.017437761649489403,0.0,12700
b,0.020640486851334572,0.0,12750
b,0.019290827214717865,0.0,12800
b,0.021277055144309998,0.0,12850
b,0.0211169496178627,0.0,12900
b,0.02005816251039505,0.0,12950
b,0.019863096997141838,0.0,13000
b,0.0189480260014534,0.0,13050
b,0.021195711567997932,0.0,13100
b,0.020233482122421265,0.0,13150
b,0.018488340079784393,0.0,13200
b,0.02012101374566555,0.0,13250
b,0.02056826651096344,0.0,13300
b,0.02131575159728527,0.0,13350
b,0.020142795518040657,0.0,13400
b,0.01893744245171547,0.0,13450
b,0.01855602115392685,0.0,13500
b,0.01910008303821087,0.0,13550
b,0.02090364135801792,0.0,13600
b,0.018734833225607872,0.0,13650
b,0.0206778421998024,0.0,13700
b,0.01963098905980587,0.0,13750
b,0.021172821521759033,0.0,13800
b,0.019697081297636032,0.0,13850
b,0.0209646113216877,0.0,13900
b,0.019055601209402084,0.0,13950
b,0.01872607320547104,0.0,14000
b,0.01952333189547062,0.0,14050
b,0.02076408639550209,0.0,14100
b,0.020176872611045837,0.0,14150
b,0.019301822409033775,0.0,14200
b,0.019840141758322716,0.0,14250
b,0.01918957196176052,0.0,14300
b,0.019892314448952675,0.0,14350
b,0.019450586289167404,0.0,14400
b,0.0183810293674469,0.0,14450
b,0.021217653527855873,0.0,14500
b,0.019217463210225105,0.0,14550
b,0.018614239990711212,0.0,14600
b,0.019736217334866524,0.0,14650
b,0.020165394991636276,0.0,14700
b,0.018314432352781296,0.0,14750
b,0.020413581281900406,0.0,14800
b,0.019945859909057617,0.0,14850
b,0.018624665215611458,0.0,14900
b,0.01816926896572113,0.0,14950
b,0.019513137638568878,0.0,15000
f,0.025273289531469345,0.0,10050
f,0.02413935400545597,0.0,10100
f,0.028070973232388496,0.0,10150
f,0.028645578771829605,0.0,10200
f,0.02570946142077446,0.0,10250
f,0.026047613471746445,0.0,10300
f,0.02960946224629879,0.0,10350
f,0.023820795118808746,0.0,10400
f,0.021754993125796318,0.0,10450
f,0.021285705268383026,0.0,10500
f,0.024631936103105545,0.0,10550
f,0.022240353748202324,0.0,10600
f,0.02055945433676243,0.0,10650
f,0.02127857692539692,0.0,10700
f,0.021871032193303108,0.0,10750
f,0.02210865169763565,0.0,10800
f,0.02129364013671875,0.0,10850
f,0.020180167630314827,0.0,10900
f,0.02116592973470688,0.0,10950
f,0.019961168989539146,0.0,11000
f,0.022926848381757736,0.0,11050
f,0.021100174635648727,0.0,11100
f,0.021158481016755104,0.0,11150
f,0.01980314776301384,0.0,11200
f,0.021532071754336357,0.0,11250
f,0.02008601278066635,0.0,11300
f,0.020014410838484764,0.0,11350
f,0.022204816341400146,0.0,11400
f,0.019121211022138596,0.0,11450
f,0.020172864198684692,0.0,11500
f,0.019972745329141617,0.0,11550
f,0.019292989745736122,0.0,11600
f,0.018853895366191864,0.0,11650
f,0.019172821193933487,0.0,11700
f,0.019144097343087196,0.0,11750
f,0.020115382969379425,0.0,11800
f,0.019468696787953377,0.0,11850
f,0.020549148321151733,0.0,11900
f,0.02118552476167679,0.0,11950
f,0.01974911242723465,0.0,12000
f,0.018377864733338356,0.0,12050
f,0.01835831254720688,0.0,12100
f,0.021182939410209656,0.0,12150
f,0.01981751061975956,0.0,12200
f,0.02214491181075573,0.0,12250
f,0.02147570624947548,0.0,12300
f,0.02194460667669773,0.0,12350
f,0.019430989399552345,0.0,12400
f,0.01929386705160141,0.0,12450
f,0.018691014498472214,0.0,12500
f,0.020548371598124504,0.0,12550
f,0.019621536135673523,0.0,12600
f,0.020455125719308853,0.0,12650
f,0.019369736313819885,0.0,12700
f,0.020703181624412537,0.0,12750
f,0.020608926191926003,0.0,12800
f,0.020269397646188736,0.0,12850
f,0.020336776971817017,0.0,12900
f,0.019196653738617897,0.0,12950
f,0.020349549129605293,0.0,13000
f,0.019370870664715767,0.0,13050
f,0.02085103839635849,0.0,13100
f,0.0208056028932333,0.0,13150
f,0.01920051872730255,0.0,13200
f,0.019287385046482086,0.0,13250
f,0.020885996520519257,0.0,13300
f,0.02162267453968525,0.0,13350
f,0.01898198574781418,0.0,13400
f,0.019189029932022095,0.0,13450
f,0.019959283992648125,0.0,13500
f,0.018986942246556282,0.0,13550
f,0.021417152136564255,0.0,13600
f,0.019337467849254608,0.0,13650
f,0.020677004009485245,0.0,13700
f,0.020552391186356544,0.0,13750
f,0.021267933771014214,0.0,13800
f,0.02023550122976303,0.0,13850
f,0.020277496427297592,0.0,13900
f,0.020357202738523483,0.0,13950
f,0.018608706071972847,0.0,14000
f,0.019702956080436707,0.0,14050
f,0.02028561756014824,0.0,14100
f,0.02105742320418358,0.0,14150
f,0.019893884658813477,0.0,14200
f,0.019840195775032043,0.0,14250
f,0.01988234370946884,0.0,14300
f,0.019980065524578094,0.0,14350
f,0.019169505685567856,0.0,14400
f,0.019193565472960472,0.0,14450
f,0.021045075729489326,0.0,14500
f,0.020443020388484,0.0,14550
f,0.019985271617770195,0.0,14600
f,0.019107144325971603,0.0,14650
f,0.01933562010526657,0.0,14700
f,0.02021731436252594,0.0,14750
f,0.020045939832925797,0.0,14800
f,0.021144943311810493,0.0,14850
f,0.019453417509794235,0.0,14900
f,0.019269565120339394,0.0,14950
f,0.020047627389431,0.0,15000
b,0.022312037646770477,0.0,15050
b,0.022592568770051003,0.0,15100
b,0.023966588079929352,0.0,15150
b,0.025030482560396194,0.0,15200
b,0.025244135409593582,0.0,15250
b,0.022040914744138718,0.0,15300
b,0.022366398945450783,0.0,15350
b,0.025630570948123932,0.0,15400
b,0.022572793066501617,0.0,15450
b,0.025258483365178108,0.0,15500
b,0.024898773059248924,0.0,15550
b,0.022123197093605995,0.0,15600
b,0.021966030821204185,0.0,15650
b,0.024129444733262062,0.0,15700
b,0.02346314862370491,0.0,15750
b,0.02035159431397915,0.0,15800
b,0.019859449937939644,0.0,15850
b,0.020719829946756363,0.0,15900
b,0.02088060788810253,0.0,15950
b,0.01948278397321701,0.0,16000
b,0.02069243974983692,0.0,16050
b,0.021268576383590698,0.0,16100
b,0.01925824023783207,0.0,16150
b,0.02131657488644123,0.0,16200
b,0.020871587097644806,0.0,16250
b,0.02022535353899002,0.0,16300
b,0.020694591104984283,0.0,16350
b,0.019929729402065277,0.0,16400
b,0.019664473831653595,0.0,16450
b,0.018161484971642494,0.0,16500
b,0.019119014963507652,0.0,16550
b,0.02085093967616558,0.0,16600
b,0.022829385474324226,0.0,16650
b,0.01925584115087986,0.0,16700
b,0.020848769694566727,0.0,16750
b,0.020307164639234543,0.0,16800
b,0.01911569945514202,0.0,16850
b,0.02168334275484085,0.0,16900
b,0.018301604315638542,0.0,16950
b,0.020320313051342964,0.0,17000
b,0.021546758711338043,0.0,17050
b,0.020790470764040947,0.0,17100
b,0.020637191832065582,0.0,17150
b,0.019794082269072533,0.0,17200
b,0.017938971519470215,0.0,17250
b,0.02194281853735447,0.0,17300
b,0.020408662036061287,0.0,17350
b,0.020152408629655838,0.0,17400
b,0.019520891830325127,0.0,17450
b,0.018300695344805717,0.0,17500
b,0.019313994795084,0.0,17550
b,0.020629484206438065,0.0,17600
b,0.019504297524690628,0.0,17650
b,0.01918906532227993,0.0,17700
b,0.021425344049930573,0.0,17750
b,0.019097577780485153,0.0,17800
b,0.019989006221294403,0.0,17850
b,0.0189993754029274,0.0,17900
b,0.018815239891409874,0.0,17950
b,0.020806970074772835,0.0,18000
b,0.01900823786854744,0.0,18050
b,0.01783810742199421,0.0,18100
b,0.018687350675463676,0.0,18150
b,0.01901388168334961,0.0,18200
b,0.01973852328956127,0.0,18250
b,0.02033960074186325,0.0,18300
b,0.01975308358669281,0.0,18350
b,0.021146461367607117,0.0,18400
b,0.019442899152636528,0.0,18450
b,0.02057458646595478,0.0,18500
b,0.019504450261592865,0.0,18550
b,0.019695013761520386,0.0,18600
b,0.022020798176527023,0.0,18650
b,0.018689658492803574,0.0,18700
b,0.020311184227466583,0.0,18750
b,0.019777942448854446,0.0,18800
b,0.019349295645952225,0.0,18850
b,0.01945623569190502,0.0,18900
b,0.019499918445944786,0.0,18950
b,0.01926259696483612,0.0,19000
b,0.020285561680793762,0.0,19050
b,0.021776825189590454,0.0,19100
b,0.018437011167407036,0.0,19150
b,0.01958123780786991,0.0,19200
b,0.021036509424448013,0.0,19250
b,0.019053727388381958,0.0,19300
b,0.020827120169997215,0.0,19350
b,0.019976187497377396,0.0,19400
b,0.0212116576731205,0.0,19450
b,0.01925705559551716,0.0,19500
b,0.019622525200247765,0.0,19550
b,0.018911223858594894,0.0,19600
b,0.018973136320710182,0.0,19650
b,0.02001485601067543,0.0,19700
b,0.019712738692760468,0.0,19750
b,0.019256455823779106,0.0,19800
b,0.018902922049164772,0.0,19850
b,0.020263206213712692,0.0,19900
b,0.021199291571974754,0.0,19950
b,0.01869320683181286,0.0,20000
f,0.02563204988837242,0.0,15050
f,0.024559911340475082,0.0,15100
f,0.024271151050925255,0.0,15150
f,0.02557767555117607,0.0,15200
f,0.02490803599357605,0.0,15250
f,0.024851905182003975,0.0,15300
f,0.025048209354281425,0.0,15350
f,0.02318369224667549,0.0,15400
f,0.022526545450091362,0.0,15450
f,0.023363567888736725,0.0,15500
f,0.022320160642266273,0.0,15550
f,0.022264860570430756,0.0,15600
f,0.022101309150457382,0.0,15650
f,0.02417219802737236,0.0,15700
f,0.023008108139038086,0.0,15750
f,0.02156759239733219,0.0,15800
f,0.02020656317472458,0.0,15850
f,0.0222586952149868,0.0,15900
f,0.021332522854208946,0.0,15950
f,0.01923319697380066,0.0,16000
f,0.02222830429673195,0.0,16050
f,0.021183226257562637,0.0,16100
f,0.020007366314530373,0.0,16150
f,0.022150760516524315,0.0,16200
f,0.020679479464888573,0.0,16250
f,0.020707180723547935,0.0,16300
f,0.020354975014925003,0.0,16350
f,0.020042674615979195,0.0,16400
f,0.019576868042349815,0.0,16450
f,0.019908573478460312,0.0,16500
f,0.020286530256271362,0.0,16550
f,0.02123703807592392,0.0,16600
f,0.021998291835188866,0.0,16650
f,0.020798170939087868,0.0,16700
f,0.019547566771507263,0.0,16750
f,0.02056162804365158,0.0,16800
f,0.02113652601838112,0.0,16850
f,0.02013586275279522,0.0,16900
f,0.01794835552573204,0.0,16950
f,0.019973136484622955,0.0,17000
f,0.02062535285949707,0.0,17050
f,0.020512422546744347,0.0,17100
f,0.019722670316696167,0.0,17150
f,0.019719727337360382,0.0,17200
f,0.01931571401655674,0.0,17250
f,0.019615355879068375,0.0,17300
f,0.019738754257559776,0.0,17350
f,0.02178208902478218,0.0,17400
f,0.02045542374253273,0.0,17450
f,0.019743548706173897,0.0,17500
f,0.020341962575912476,0.0,17550
f,0.021003223955631256,0.0,17600
f,0.019594375044107437,0.0,17650
f,0.01947341114282608,0.0,17700
f,0.019357144832611084,0.0,17750
f,0.02084433101117611,0.0,17800
f,0.02211502194404602,0.0,17850
f,0.019398165866732597,0.0,17900
f,0.01824011653661728,0.0,17950
f,0.021180061623454094,0.0,18000
f,0.020441576838493347,0.0,18050
f,0.01936192624270916,0.0,18100
f,0.019907722249627113,0.0,18150
f,0.020559826865792274,0.0,18200
f,0.02080659568309784,0.0,18250
f,0.02184228040277958,0.0,18300
f,0.01844499632716179,0.0,18350
f,0.01917867735028267,0.0,18400
f,0.020651739090681076,0.0,18450
f,0.021414704620838165,0.0,18500
f,0.020064352080225945,0.0,18550
f,0.019710229709744453,0.0,18600
f,0.02098817564547062,0.0,18650
f,0.019157567992806435,0.0,18700
f,0.021964069455862045,0.0,18750
f,0.020467126742005348,0.0,18800
f,0.02132227085530758,0.0,18850
f,0.019487855955958366,0.0,18900
f,0.020168215036392212,0.0,18950
f,0.02057427540421486,0.0,19000
f,0.019507916644215584,0.0,19050
f,0.01953495293855667,0.0,19100
f,0.019723085686564445,0.0,19150
f,0.019806548953056335,0.0,19200
f,0.02105618640780449,0.0,19250
f,0.020223094150424004,0.0,19300
f,0.020371440798044205,0.0,19350
f,0.020250525325536728,0.0,19400
f,0.020552532747387886,0.0,19450
f,0.021192584186792374,0.0,19500
f,0.019136875867843628,0.0,19550
f,0.01842162013053894,0.0,19600
f,0.018360696732997894,0.0,19650
f,0.019079219549894333,0.0,19700
f,0.019719816744327545,0.0,19750
f,0.019384996965527534,0.0,19800
f,0.021254010498523712,0.0,19850
f,0.0208484698086977,0.0,19900
f,0.020576130598783493,0.0,19950
f,0.019688062369823456,0.0,20000
b,0.0225895494222641,0.0,20050
b,0.023277686908841133,0.0,20100
b,0.02385392040014267,0.0,20150
b,0.02551761083304882,0.0,20200
b,0.02518998272716999,0.0,20250
b,0.024505598470568657,0.0,20300
b,0.022651901468634605,0.0,20350
b,0.025348735973238945,0.0,20400
b,0.020917588844895363,0.0,20450
b,0.0260841716080904,0.0,20500
b,0.02598509006202221,0.0,20550
b,0.024454668164253235,0.0,20600
b,0.02104312554001808,0.0,20650
b,0.022011039778590202,0.0,20700
b,0.021891560405492783,0.0,20750
b,0.023928919807076454,0.0,20800
b,0.021957769989967346,0.0,20850
b,0.02234690636396408,0.0,20900
b,0.021951334550976753,0.0,20950
b,0.021922549232840538,0.0,21000
b,0.02139250934123993,0.0,21050
b,0.021845882758498192,0.0,21100
b,0.0222664475440979,0.0,21150
b,0.021364908665418625,0.0,21200
b,0.020901836454868317,0.0,21250
b,0.020289350301027298,0.0,21300
b,0.020247627049684525,0.0,21350
b,0.01879572868347168,0.0,21400
b,0.018466981127858162,0.0,21450
b,0.018952535465359688,0.0,21500
b,0.020116163417696953,0.0,21550
b,0.019104061648249626,0.0,21600
b,0.020975451916456223,0.0,21650
b,0.019242729991674423,0.0,21700
b,0.019501257687807083,0.0,21750
b,0.02020065113902092,0.0,21800
b,0.019664201885461807,0.0,21850
b,0.0197451189160347,0.0,21900
b,0.018987558782100677,0.0,21950
b,0.020792383700609207,0.0,22000
b,0.019757699221372604,0.0,22050
b,0.020444856956601143,0.0,22100
b,0.019726788625121117,0.0,22150
b,0.02002488449215889,0.0,22200
b,0.019901005551218987,0.0,22250
b,0.018725089728832245,0.0,22300
b,0.019427012652158737,0.0,22350
b,0.019387327134609222,0.0,22400
b,0.01966855302453041,0.0,22450
b,0.019471939653158188,0.0,22500
b,0.019243022426962852,0.0,22550
b,0.018831374123692513,0.0,22600
b,0.021021975204348564,0.0,22650
b,0.01993252895772457,0.0,22700
b,0.02099663019180298,0.0,22750
b,0.02005300298333168,0.0,22800
b,0.02071903459727764,0.0,22850
b,0.018315082415938377,0.0,22900
b,0.020685598254203796,0.0,22950
b,0.01951497048139572,0.0,23000
b,0.01997891254723072,0.0,23050
b,0.018358467146754265,0.0,23100
b,0.01970960572361946,0.0,23150
b,0.019327079877257347,0.0,23200
b,0.020214291289448738,0.0,23250
b,0.018406609073281288,0.0,23300
b,0.01942427270114422,0.0,23350
b,0.01942814141511917,0.0,23400
b,0.019740205258131027,0.0,23450
b,0.020666047930717468,0.0,23500
b,0.020153047516942024,0.0,23550
b,0.019161272794008255,0.0,23600
b,0.018677523359656334,0.0,23650
b,0.01780012622475624,0.0,23700
b,0.021093154326081276,0.0,23750
b,0.019241558387875557,0.0,23800
b,0.01964651048183441,0.0,23850
b,0.019544154405593872,0.0,23900
b,0.020851222798228264,0.0,23950
b,0.020472411066293716,0.0,24000
b,0.020373251289129257,0.0,24050
b,0.01988447830080986,0.0,24100
b,0.020019058138132095,0.0,24150
b,0.020407784730196,0.0,24200
b,0.021030312404036522,0.0,24250
b,0.018036283552646637,0.0,24300
b,0.01931467279791832,0.0,24350
b,0.019644202664494514,0.0,24400
b,0.019451219588518143,0.0,24450
b,0.01953256130218506,0.0,24500
b,0.021208634600043297,0.0,24550
b,0.019908487796783447,0.0,24600
b,0.019922122359275818,0.0,24650
b,0.018856951966881752,0.0,24700
b,0.019639454782009125,0.0,24750
b,0.020206769928336143,0.0,24800
b,0.01961480639874935,0.0,24850
b,0.019603094086050987,0.0,24900
b,0.020628534257411957,0.0,24950
b,0.02041410282254219,0.0,25000
f,0.0266225915402174,0.0,20050
f,0.025099439546465874,0.0,20100
f,0.029126960784196854,0.0,20150
f,0.02483871951699257,0.0,20200
f,0.0268474780023098,0.0,20250
f,0.02593161351978779,0.0,20300
f,0.02419903501868248,0.0,20350
f,0.02536497823894024,0.0,20400
f,0.02342926524579525,0.0,20450
f,0.023313995450735092,0.0,20500
f,0.025939160957932472,0.0,20550
f,0.023693155497312546,0.0,20600
f,0.020087631419301033,0.0,20650
f,0.022875791415572166,0.0,20700
f,0.020751982927322388,0.0,20750
f,0.024709545075893402,0.0,20800
f,0.02247893065214157,0.0,20850
f,0.019667156040668488,0.0,20900
f,0.0214233361184597,0.0,20950
f,0.02125956490635872,0.0,21000
f,0.021492796018719673,0.0,21050
f,0.02228396385908127,0.0,21100
f,0.021703632548451424,0.0,21150
f,0.02034798264503479,0.0,21200
f,0.020485546439886093,0.0,21250
f,0.019658297300338745,0.0,21300
f,0.020108435302972794,0.0,21350
f,0.019231293350458145,0.0,21400
f,0.019602598622441292,0.0,21450
f,0.019945181906223297,0.0,21500
f,0.021436190232634544,0.0,21550
f,0.020260892808437347,0.0,21600
f,0.020865287631750107,0.0,21650
f,0.0195594672113657,0.0,21700
f,0.020640414208173752,0.0,21750
f,0.02071055769920349,0.0,21800
f,0.019529789686203003,0.0,21850
f,0.019758276641368866,0.0,21900
f,0.02006465382874012,0.0,21950
f,0.02117682620882988,0.0,22000
f,0.01928374171257019,0.0,22050
f,0.020447202026844025,0.0,22100
f,0.020503459498286247,0.0,22150
f,0.019018439576029778,0.0,22200
f,0.020933205261826515,0.0,22250
f,0.019792690873146057,0.0,22300
f,0.02070659026503563,0.0,22350
f,0.019708415493369102,0.0,22400
f,0.020218340680003166,0.0,22450
f,0.01951023004949093,0.0,22500
f,0.020335720852017403,0.0,22550
f,0.018995584920048714,0.0,22600
f,0.02058890089392662,0.0,22650
f,0.02127625048160553,0.0,22700
f,0.01941947638988495,0.0,22750
f,0.02096492610871792,0.0,22800
f,0.020937301218509674,0.0,22850
f,0.01931789703667164,0.0,22900
f,0.019616402685642242,0.0,22950
f,0.019361885264515877,0.0,23000
f,0.019988030195236206,0.0,23050
f,0.019058125093579292,0.0,23100
f,0.021168190985918045,0.0,23150
f,0.01963183470070362,0.0,23200
f,0.019601166248321533,0.0,23250
f,0.020730018615722656,0.0,23300
f,0.01914072223007679,0.0,23350
f,0.020973684266209602,0.0,23400
f,0.01931193098425865,0.0,23450
f,0.01988045498728752,0.0,23500
f,0.019514277577400208,0.0,23550
f,0.019598687067627907,0.0,23600
f,0.019848108291625977,0.0,23650
f,0.019796229898929596,0.0,23700
f,0.020117605105042458,0.0,23750
f,0.01903701014816761,0.0,23800
f,0.019284561276435852,0.0,23850
f,0.01945028267800808,0.0,23900
f,0.02112371101975441,0.0,23950
f,0.02041788585484028,0.0,24000
f,0.019361836835741997,0.0,24050
f,0.020401746034622192,0.0,24100
f,0.02011125534772873,0.0,24150
f,0.02074373885989189,0.0,24200
f,0.018891150131821632,0.0,24250
f,0.01959809847176075,0.0,24300
f,0.021208494901657104,0.0,24350
f,0.02004033699631691,0.0,24400
f,0.0197896771132946,0.0,24450
f,0.020521562546491623,0.0,24500
f,0.019900422543287277,0.0,24550
f,0.019063176587224007,0.0,24600
f,0.020568497478961945,0.0,24650
f,0.021066363900899887,0.0,24700
f,0.02008271962404251,0.0,24750
f,0.019176241010427475,0.0,24800
f,0.02001616358757019,0.0,24850
f,0.020617865025997162,0.0,24900
f,0.018725767731666565,0.0,24950
f,0.020501159131526947,0.0,25000
b,0.023057568818330765,0.0,25050
b,0.024670427665114403,0.0,25100
b,0.02620604634284973,0.0,25150
b,0.025457410141825676,0.0,25200
b,0.02618280239403248,0.0,25250
b,0.0245765782892704,0.0,25300
b,0.027339449152350426,0.0,25350
b,0.022232862189412117,0.0,25400
b,0.024634111672639847,0.0,25450
b,0.025969460606575012,0.0,25500
b,0.0245928056538105,0.0,25550
b,0.025382215157151222,0.0,25600
b,0.025495117530226707,0.0,25650
b,0.02352301962673664,0.0,25700
b,0.021459784358739853,0.0,25750
b,0.02101297490298748,0.0,25800
b,0.022904543206095695,0.0,25850
b,0.021806159988045692,0.0,25900
b,0.019435832276940346,0.0,25950
b,0.022460632026195526,0.0,26000
b,0.02132343128323555,0.0,26050
b,0.02089092880487442,0.0,26100
b,0.020054306834936142,0.0,26150
b,0.019604885950684547,0.0,26200
b,0.019498232752084732,0.0,26250
b,0.018737388774752617,0.0,26300
b,0.019558154046535492,0.0,26350
b,0.01926669105887413,0.0,26400
b,0.020314041525125504,0.0,26450
b,0.0200934000313282,0.0,26500
b,0.020887741819024086,0.0,26550
b,0.020115509629249573,0.0,26600
b,0.020284350961446762,0.0,26650
b,0.019546592608094215,0.0,26700
b,0.019987840205430984,0.0,26750
b,0.02125414088368416,0.0,26800
b,0.02052386663854122,0.0,26850
b,0.019492382183670998,0.0,26900
b,0.019976109266281128,0.0,26950
b,0.020400989800691605,0.0,27000
b,0.021642295643687248,0.0,27050
b,0.019780652597546577,0.0,27100
b,0.019295938313007355,0.0,27150
b,0.02007175050675869,0.0,27200
b,0.019715705886483192,0.0,27250
b,0.02001214772462845,0.0,27300
b,0.02037091553211212,0.0,27350
b,0.019314374774694443,0.0,27400
b,0.019471682608127594,0.0,27450
b,0.01906098984181881,0.0,27500
b,0.018629178404808044,0.0,27550
b,0.02028680592775345,0.0,27600
b,0.02095635049045086,0.0,27650
b,0.02009269781410694,0.0,27700
b,0.022379450500011444,0.0,27750
b,0.020345551893115044,0.0,27800
b,0.018007300794124603,0.0,27850
b,0.020326916128396988,0.0,27900
b,0.020984012633562088,0.0,27950
b,0.018879923969507217,0.0,28000
b,0.01937783882021904,0.0,28050
b,0.02167811244726181,0.0,28100
b,0.0200661551207304,0.0,28150
b,0.018519731238484383,0.0,28200
b,0.01867956481873989,0.0,28250
b,0.02121240459382534,0.0,28300
b,0.020380010828375816,0.0,28350
b,0.019356435164809227,0.0,28400
b,0.01946895197033882,0.0,28450
b,0.018893545493483543,0.0,28500
b,0.01937001571059227,0.0,28550
b,0.020169327035546303,0.0,28600
b,0.01866546832025051,0.0,28650
b,0.018931709229946136,0.0,28700
b,0.01989184319972992,0.0,28750
b,0.020579928532242775,0.0,28800
b,0.01966671459376812,0.0,28850
b,0.020960882306098938,0.0,28900
b,0.019516147673130035,0.0,28950
b,0.020755328238010406,0.0,29000
b,0.018969882279634476,0.0,29050
b,0.02070043236017227,0.0,29100
b,0.0203478392213583,0.0,29150
b,0.020039912313222885,0.0,29200
b,0.019423458725214005,0.0,29250
b,0.020497271791100502,0.0,29300
b,0.019895540550351143,0.0,29350
b,0.0201448742300272,0.0,29400
b,0.01989007368683815,0.0,29450
b,0.019441504031419754,0.0,29500
b,0.0186467207968235,0.0,29550
b,0.02008834108710289,0.0,29600
b,0.01922023296356201,0.0,29650
b,0.020684562623500824,0.0,29700
b,0.020830214023590088,0.0,29750
b,0.020032143220305443,0.0,29800
b,0.020757779479026794,0.0,29850
b,0.018450191244482994,0.0,29900
b,0.01974598877131939,0.0,29950
b,0.01993384025990963,0.0,30000
f,0.027276962995529175,0.0,25050
f,0.025196323171257973,0.0,25100
f,0.0248396173119545,0.0,25150
f,0.02609991654753685,0.0,25200
f,0.02337764762341976,0.0,25250
f,0.03139623999595642,0.0,25300
f,0.027977196499705315,0.0,25350
f,0.023428969085216522,0.0,25400
f,0.024503111839294434,0.0,25450
f,0.023524530231952667,0.0,25500
f,0.022085368633270264,0.0,25550
f,0.024585962295532227,0.0,25600
f,0.024460572749376297,0.0,25650
f,0.022306930273771286,0.0,25700
f,0.020876752212643623,0.0,25750
f,0.019889749586582184,0.0,25800
f,0.022756284102797508,0.0,25850
f,0.02082788199186325,0.0,25900
f,0.022687174379825592,0.0,25950
f,0.02178495191037655,0.0,26000
f,0.021743470802903175,0.0,26050
f,0.021561337634921074,0.0,26100
f,0.0196115430444479,0.0,26150
f,0.021314632147550583,0.0,26200
f,0.020466210320591927,0.0,26250
f,0.0193236842751503,0.0,26300
f,0.02137298695743084,0.0,26350
f,0.0201792623847723,0.0,26400
f,0.0205853208899498,0.0,26450
f,0.020387768745422363,0.0,26500
f,0.020860297605395317,0.0,26550
f,0.02084612473845482,0.0,26600
f,0.021126333624124527,0.0,26650
f,0.020070526748895645,0.0,26700
f,0.019720958545804024,0.0,26750
f,0.02038419619202614,0.0,26800
f,0.02014019340276718,0.0,26850
f,0.019748687744140625,0.0,26900
f,0.020521122962236404,0.0,26950
f,0.02098424918949604,0.0,27000
f,0.021484533324837685,0.0,27050
f,0.0193310733884573,0.0,27100
f,0.020321564748883247,0.0,27150
f,0.02046031318604946,0.0,27200
f,0.018750177696347237,0.0,27250
f,0.021119922399520874,0.0,27300
f,0.019526375457644463,0.0,27350
f,0.018969491124153137,0.0,27400
f,0.020344628021121025,0.0,27450
f,0.018043842166662216,0.0,27500
f,0.020822878926992416,0.0,27550
f,0.019437061622738838,0.0,27600
f,0.019971242174506187,0.0,27650
f,0.02157297544181347,0.0,27700
f,0.020030084997415543,0.0,27750
f,0.02017095312476158,0.0,27800
f,0.018240682780742645,0.0,27850
f,0.02115410752594471,0.0,27900
f,0.019041316583752632,0.0,27950
f,0.01975248008966446,0.0,28000
f,0.019583672285079956,0.0,28050
f,0.020391959697008133,0.0,28100
f,0.01859816163778305,0.0,28150
f,0.019686440005898476,0.0,28200
f,0.018266547471284866,0.0,28250
f,0.020617017522454262,0.0,28300
f,0.018993351608514786,0.0,28350
f,0.020876362919807434,0.0,28400
f,0.01925164833664894,0.0,28450
f,0.018887298181653023,0.0,28500
f,0.018977519124746323,0.0,28550
f,0.019722003489732742,0.0,28600
f,0.019692864269018173,0.0,28650
f,0.019309483468532562,0.0,28700
f,0.01929088681936264,0.0,28750
f,0.01919647306203842,0.0,28800
f,0.02153419889509678,0.0,28850
f,0.02191867120563984,0.0,28900
f,0.01955644227564335,0.0,28950
f,0.019557412713766098,0.0,29000
f,0.01943504624068737,0.0,29050
f,0.01997481845319271,0.0,29100
f,0.018832530826330185,0.0,29150
f,0.019283441826701164,0.0,29200
f,0.019832024350762367,0.0,29250
f,0.021240895614027977,0.0,29300
f,0.019026562571525574,0.0,29350
f,0.021710064262151718,0.0,29400
f,0.02086152322590351,0.0,29450
f,0.018654076382517815,0.0,29500
f,0.020091943442821503,0.0,29550
f,0.019638312980532646,0.0,29600
f,0.02107926644384861,0.0,29650
f,0.022280285134911537,0.0,29700
f,0.02245493046939373,0.0,29750
f,0.019734105095267296,0.0,29800
f,0.021412132307887077,0.0,29850
f,0.018845349550247192,0.0,29900
f,0.020410967990756035,0.0,29950
f,0.019304724410176277,0.0,30000
b,0.024473516270518303,0.0,30050
b,0.025356106460094452,0.0,30100
b,0.02627500891685486,0.0,30150
b,0.028185850009322166,0.0,30200
b,0.025222845375537872,0.0,30250
b,0.024488132447004318,0.0,30300
b,0.025508368387818336,0.0,30350
b,0.02342492900788784,0.0,30400
b,0.024046849459409714,0.0,30450
b,0.021839989349246025,0.0,30500
b,0.022690672427415848,0.0,30550
b,0.02422785945236683,0.0,30600
b,0.023161228746175766,0.0,30650
b,0.02474542334675789,0.0,30700
b,0.02146989293396473,0.0,30750
b,0.021856926381587982,0.0,30800
b,0.022323207929730415,0.0,30850
b,0.021386906504631042,0.0,30900
b,0.020884938538074493,0.0,30950
b,0.02044067718088627,0.0,31000
b,0.022174350917339325,0.0,31050
b,0.020254530012607574,0.0,31100
b,0.01941816508769989,0.0,31150
b,0.021178066730499268,0.0,31200
b,0.020023604854941368,0.0,31250
b,0.02025049924850464,0.0,31300
b,0.020919717848300934,0.0,31350
b,0.020495405420660973,0.0,31400
b,0.020284762606024742,0.0,31450
b,0.020470280200242996,0.0,31500
b,0.020472479984164238,0.0,31550
b,0.019604384899139404,0.0,31600
b,0.018912993371486664,0.0,31650
b,0.020091373473405838,0.0,31700
b,0.019651295617222786,0.0,31750
b,0.02116537094116211,0.0,31800
b,0.021042268723249435,0.0,31850
b,0.020169204100966454,0.0,31900
b,0.019455930218100548,0.0,31950
b,0.01786385476589203,0.0,32000
b,0.019874732941389084,0.0,32050
b,0.0185514185577631,0.0,32100
b,0.02077368088066578,0.0,32150
b,0.021757788956165314,0.0,32200
b,0.018431775271892548,0.0,32250
b,0.020204590633511543,0.0,32300
b,0.018139438703656197,0.0,32350
b,0.02061837539076805,0.0,32400
b,0.019116755574941635,0.0,32450
b,0.020839976146817207,0.0,32500
b,0.020292481407523155,0.0,32550
b,0.02124284766614437,0.0,32600
b,0.019163019955158234,0.0,32650
b,0.020708870142698288,0.0,32700
b,0.019954366609454155,0.0,32750
b,0.02139047347009182,0.0,32800
b,0.019403813406825066,0.0,32850
b,0.01928774267435074,0.0,32900
b,0.02114795334637165,0.0,32950
b,0.01934468187391758,0.0,33000
b,0.02080504596233368,0.0,33050
b,0.01922719180583954,0.0,33100
b,0.019210023805499077,0.0,33150
b,0.020232856273651123,0.0,33200
b,0.021383406594395638,0.0,33250
b,0.02035422995686531,0.0,33300
b,0.020723825320601463,0.0,33350
b,0.020631639286875725,0.0,33400
b,0.021162603050470352,0.0,33450
b,0.018695686012506485,0.0,33500
b,0.02060198411345482,0.0,33550
b,0.020550549030303955,0.0,33600
b,0.01947236992418766,0.0,33650
b,0.019876601174473763,0.0,33700
b,0.018869807943701744,0.0,33750
b,0.020398162305355072,0.0,33800
b,0.01927080936729908,0.0,33850
b,0.019859760999679565,0.0,33900
b,0.019053932279348373,0.0,33950
b,0.020069196820259094,0.0,34000
b,0.018571002408862114,0.0,34050
b,0.020566623657941818,0.0,34100
b,0.021347014233469963,0.0,34150
b,0.01935812272131443,0.0,34200
b,0.0208273995667696,0.0,34250
b,0.019737018272280693,0.0,34300
b,0.019219331443309784,0.0,34350
b,0.01869659498333931,0.0,34400
b,0.018934834748506546,0.0,34450
b,0.021106664091348648,0.0,34500
b,0.018532738089561462,0.0,34550
b,0.019787948578596115,0.0,34600
b,0.020274389535188675,0.0,34650
b,0.02071714587509632,0.0,34700
b,0.019168026745319366,0.0,34750
b,0.01904222182929516,0.0,34800
b,0.019828123971819878,0.0,34850
b,0.02070050872862339,0.0,34900
b,0.02092776447534561,0.0,34950
b,0.01926913671195507,0.0,35000
f,0.027692757546901703,0.0,30050
f,0.02558990567922592,0.0,30100
f,0.02962895855307579,0.0,30150
f,0.026129374280571938,0.0,30200
f,0.026874464005231857,0.0,30250
f,0.02627462148666382,0.0,30300
f,0.025974152609705925,0.0,30350
f,0.022637691348791122,0.0,30400
f,0.026923920959234238,0.0,30450
f,0.0251290425658226,0.0,30500
f,0.02334507554769516,0.0,30550
f,0.02172132208943367,0.0,30600
f,0.022206876426935196,0.0,30650
f,0.02188822068274021,0.0,30700
f,0.022629965096712112,0.0,30750
f,0.019860466942191124,0.0,30800
f,0.020903972908854485,0.0,30850
f,0.019376276060938835,0.0,30900
f,0.022209810093045235,0.0,30950
f,0.021106578409671783,0.0,31000
f,0.022231778129935265,0.0,31050
f,0.0199897363781929,0.0,31100
f,0.020254507660865784,0.0,31150
f,0.02167072333395481,0.0,31200
f,0.019754288718104362,0.0,31250
f,0.020335828885436058,0.0,31300
f,0.01989087276160717,0.0,31350
f,0.019587943330407143,0.0,31400
f,0.02062079682946205,0.0,31450
f,0.02102808468043804,0.0,31500
f,0.021029485389590263,0.0,31550
f,0.02095210552215576,0.0,31600
f,0.018898580223321915,0.0,31650
f,0.019802236929535866,0.0,31700
f,0.020680829882621765,0.0,31750
f,0.02093811333179474,0.0,31800
f,0.020741363987326622,0.0,31850
f,0.020808855071663857,0.0,31900
f,0.01989295892417431,0.0,31950
f,0.01993766613304615,0.0,32000
f,0.019796302542090416,0.0,32050
f,0.019956927746534348,0.0,32100
f,0.020887155085802078,0.0,32150
f,0.022020060569047928,0.0,32200
f,0.02034134417772293,0.0,32250
f,0.019770661368966103,0.0,32300
f,0.018806979060173035,0.0,32350
f,0.02065756544470787,0.0,32400
f,0.020467834547162056,0.0,32450
f,0.019505202770233154,0.0,32500
f,0.019247116521000862,0.0,32550
f,0.019636647775769234,0.0,32600
f,0.018480943515896797,0.0,32650
f,0.019359374418854713,0.0,32700
f,0.020370902493596077,0.0,32750
f,0.02077590301632881,0.0,32800
f,0.018648583441972733,0.0,32850
f,0.018074916675686836,0.0,32900
f,0.02153802290558815,0.0,32950
f,0.01935655064880848,0.0,33000
f,0.0195607990026474,0.0,33050
f,0.020387260243296623,0.0,33100
f,0.019784992560744286,0.0,33150
f,0.019564220681786537,0.0,33200
f,0.020779045298695564,0.0,33250
f,0.021272601559758186,0.0,33300
f,0.019332846626639366,0.0,33350
f,0.019243206828832626,0.0,33400
f,0.02123066410422325,0.0,33450
f,0.018892381340265274,0.0,33500
f,0.020548006519675255,0.0,33550
f,0.020986493676900864,0.0,33600
f,0.0184665247797966,0.0,33650
f,0.02080720290541649,0.0,33700
f,0.020986713469028473,0.0,33750
f,0.021287675946950912,0.0,33800
f,0.019423244521021843,0.0,33850
f,0.020840272307395935,0.0,33900
f,0.02114243060350418,0.0,33950
f,0.019456002861261368,0.0,34000
f,0.020286353304982185,0.0,34050
f,0.021421978250145912,0.0,34100
f,0.02104867808520794,0.0,34150
f,0.020021449774503708,0.0,34200
f,0.01959889940917492,0.0,34250
f,0.01915639080107212,0.0,34300
f,0.019834522157907486,0.0,34350
f,0.019303031265735626,0.0,34400
f,0.020383616909384727,0.0,34450
f,0.022128574550151825,0.0,34500
f,0.019572913646697998,0.0,34550
f,0.019576409831643105,0.0,34600
f,0.019219933077692986,0.0,34650
f,0.019764015451073647,0.0,34700
f,0.01968824304640293,0.0,34750
f,0.02053174562752247,0.0,34800
f,0.019411753863096237,0.0,34850
f,0.01975225657224655,0.0,34900
f,0.01870804652571678,0.0,34950
f,0.0207452941685915,0.0,35000
b,0.024955160915851593,0.0,35050
b,0.026853177696466446,0.0,35100
b,0.025384213775396347,0.0,35150
b,0.025980129837989807,0.0,35200
b,0.027828991413116455,0.0,35250
b,0.025705207139253616,0.0,35300
b,0.02857585996389389,0.0,35350
b,0.025749679654836655,0.0,35400
b,0.02474755048751831,0.0,35450
b,0.024811865761876106,0.0,35500
b,0.023164870217442513,0.0,35550
b,0.022959543392062187,0.0,35600
b,0.02610185369849205,0.0,35650
b,0.02385326847434044,0.0,35700
b,0.02221708744764328,0.0,35750
b,0.023599961772561073,0.0,35800
b,0.02251185104250908,0.0,35850
b,0.020930850878357887,0.0,35900
b,0.0205998532474041,0.0,35950
b,0.01925056427717209,0.0,36000
b,0.021610170602798462,0.0,36050
b,0.01906490884721279,0.0,36100
b,0.019144585356116295,0.0,36150
b,0.022705644369125366,0.0,36200
b,0.019464433193206787,0.0,36250
b,0.01942172646522522,0.0,36300
b,0.020786156877875328,0.0,36350
b,0.01962701976299286,0.0,36400
b,0.019763158634305,0.0,36450
b,0.02014974318444729,0.0,36500
b,0.01899728551506996,0.0,36550
b,0.01788482256233692,0.0,36600
b,0.02021706849336624,0.0,36650
b,0.019337080419063568,0.0,36700
b,0.020713597536087036,0.0,36750
b,0.02135985530912876,0.0,36800
b,0.020311733707785606,0.0,36850
b,0.02059144340455532,0.0,36900
b,0.020022716373205185,0.0,36950
b,0.019691236317157745,0.0,37000
b,0.019497966393828392,0.0,37050
b,0.019686894491314888,0.0,37100
b,0.017990317195653915,0.0,37150
b,0.020510613918304443,0.0,37200
b,0.019639428704977036,0.0,37250
b,0.01962774619460106,0.0,37300
b,0.02046194300055504,0.0,37350
b,0.02137693762779236,0.0,37400
b,0.020110854879021645,0.0,37450
b,0.01988052949309349,0.0,37500
b,0.019481372088193893,0.0,37550
b,0.018369236961007118,0.0,37600
b,0.02080453373491764,0.0,37650
b,0.01940334588289261,0.0,37700
b,0.0194120854139328,0.0,37750
b,0.019395960494875908,0.0,37800
b,0.01982724852859974,0.0,37850
b,0.02051115222275257,0.0,37900
b,0.020142944529652596,0.0,37950
b,0.021387329325079918,0.0,38000
b,0.020781919360160828,0.0,38050
b,0.021307310089468956,0.0,38100
b,0.020862771198153496,0.0,38150
b,0.01927187666296959,0.0,38200
b,0.018898719921708107,0.0,38250
b,0.01988162472844124,0.0,38300
b,0.019140124320983887,0.0,38350
b,0.01922542229294777,0.0,38400
b,0.019259419292211533,0.0,38450
b,0.020852793008089066,0.0,38500
b,0.019632844254374504,0.0,38550
b,0.019357040524482727,0.0,38600
b,0.01958947628736496,0.0,38650
b,0.019496813416481018,0.0,38700
b,0.02128150686621666,0.0,38750
b,0.020188407972455025,0.0,38800
b,0.02035152167081833,0.0,38850
b,0.018798206001520157,0.0,38900
b,0.01791113056242466,0.0,38950
b,0.01788988895714283,0.0,39000
b,0.019613318145275116,0.0,39050
b,0.020101286470890045,0.0,39100
b,0.01805638149380684,0.0,39150
b,0.020740732550621033,0.0,39200
b,0.02024611458182335,0.0,39250
b,0.019819825887680054,0.0,39300
b,0.02111455425620079,0.0,39350
b,0.01913539320230484,0.0,39400
b,0.020804520696401596,0.0,39450
b,0.01993621699512005,0.0,39500
b,0.020512647926807404,0.0,39550
b,0.019914742559194565,0.0,39600
b,0.019653407856822014,0.0,39650
b,0.020140744745731354,0.0,39700
b,0.01992093399167061,0.0,39750
b,0.0213979110121727,0.0,39800
b,0.0205426923930645,0.0,39850
b,0.019447404891252518,0.0,39900
b,0.019166741520166397,0.0,39950
b,0.01953871175646782,0.0,40000
f,0.028098495677113533,0.0,35050
f,0.025843190029263496,0.0,35100
f,0.02403079718351364,0.0,35150
f,0.03028799593448639,0.0,35200
f,0.03210345655679703,0.0,35250
f,0.027182748541235924,0.0,35300
f,0.02598954737186432,0.0,35350
f,0.027401013299822807,0.0,35400
f,0.024271519854664803,0.0,35450
f,0.022774480283260345,0.0,35500
f,0.02420041710138321,0.0,35550
f,0.02426164597272873,0.0,35600
f,0.024682318791747093,0.0,35650
f,0.022363392636179924,0.0,35700
f,0.020933298394083977,0.0,35750
f,0.02357449010014534,0.0,35800
f,0.020507395267486572,0.0,35850
f,0.022086897864937782,0.0,35900
f,0.020607249811291695,0.0,35950
f,0.023549938574433327,0.0,36000
f,0.021867506206035614,0.0,36050
f,0.02050497755408287,0.0,36100
f,0.020584724843502045,0.0,36150
f,0.021259116008877754,0.0,36200
f,0.018664613366127014,0.0,36250
f,0.02030813880264759,0.0,36300
f,0.01973647251725197,0.0,36350
f,0.02015964314341545,0.0,36400
f,0.01978757604956627,0.0,36450
f,0.02062344178557396,0.0,36500
f,0.018956700339913368,0.0,36550
f,0.019928287714719772,0.0,36600
f,0.018953975290060043,0.0,36650
f,0.020039716735482216,0.0,36700
f,0.020762156695127487,0.0,36750
f,0.021482760086655617,0.0,36800
f,0.01997232623398304,0.0,36850
f,0.0206181388348341,0.0,36900
f,0.02074793167412281,0.0,36950
f,0.02032652497291565,0.0,37000
f,0.020483138039708138,0.0,37050
f,0.018836047500371933,0.0,37100
f,0.02052992396056652,0.0,37150
f,0.019796200096607208,0.0,37200
f,0.019031671807169914,0.0,37250
f,0.02004080079495907,0.0,37300
f,0.020171206444501877,0.0,37350
f,0.01931809075176716,0.0,37400
f,0.02021268755197525,0.0,37450
f,0.02019622176885605,0.0,37500
f,0.018532952293753624,0.0,37550
f,0.019149456173181534,0.0,37600
f,0.020211685448884964,0.0,37650
f,0.018923738971352577,0.0,37700
f,0.02015170268714428,0.0,37750
f,0.019974369555711746,0.0,37800
f,0.019656484946608543,0.0,37850
f,0.019940707832574844,0.0,37900
f,0.020097721368074417,0.0,37950
f,0.021210987120866776,0.0,38000
f,0.02001054398715496,0.0,38050
f,0.02008916065096855,0.0,38100
f,0.021130753681063652,0.0,38150
f,0.020539887249469757,0.0,38200
f,0.019518986344337463,0.0,38250
f,0.019817329943180084,0.0,38300
f,0.01873249188065529,0.0,38350
f,0.01902695558965206,0.0,38400
f,0.019687915220856667,0.0,38450
f,0.02113667130470276,0.0,38500
f,0.019721075892448425,0.0,38550
f,0.019302580505609512,0.0,38600
f,0.0187605619430542,0.0,38650
f,0.020085297524929047,0.0,38700
f,0.019925430417060852,0.0,38750
f,0.020529933273792267,0.0,38800
f,0.019590353593230247,0.0,38850
f,0.01988990604877472,0.0,38900
f,0.019918177276849747,0.0,38950
f,0.018478069454431534,0.0,39000
f,0.020351193845272064,0.0,39050
f,0.019157884642481804,0.0,39100
f,0.020315099507570267,0.0,39150
f,0.020480412989854813,0.0,39200
f,0.01984306424856186,0.0,39250
f,0.020417816936969757,0.0,39300
f,0.021632850170135498,0.0,39350
f,0.019520169124007225,0.0,39400
f,0.020289164036512375,0.0,39450
f,0.01944825053215027,0.0,39500
f,0.020825859159231186,0.0,39550
f,0.020576409995555878,0.0,39600
f,0.01981266401708126,0.0,39650
f,0.02065867930650711,0.0,39700
f,0.018457405269145966,0.0,39750
f,0.021002937108278275,0.0,39800
f,0.019115708768367767,0.0,39850
f,0.019241025671362877,0.0,39900
f,0.01974925771355629,0.0,39950
f,0.018288306891918182,0.0,40000
b,0.024395285174250603,0.0,40050
b,0.025942876935005188,0.0,40100
b,0.02669733762741089,0.0,40150
b,0.025496797636151314,0.0,40200
b,0.026775825768709183,0.0,40250
b,0.026146864518523216,0.0,40300
b,0.02777687832713127,0.0,40350
b,0.025150116533041,0.0,40400
b,0.022470714524388313,0.0,40450
b,0.025961851701140404,0.0,40500
b,0.02333226427435875,0.0,40550
b,0.02381182461977005,0.0,40600
b,0.023332398384809494,0.0,40650
b,0.02200896665453911,0.0,40700
b,0.0242985300719738,0.0,40750
b,0.021702148020267487,0.0,40800
b,0.020864449441432953,0.0,40850
b,0.02110891230404377,0.0,40900
b,0.021644867956638336,0.0,40950
b,0.02141079679131508,0.0,41000
b,0.020469466224312782,0.0,41050
b,0.020181693136692047,0.0,41100
b,0.020831897854804993,0.0,41150
b,0.021038567647337914,0.0,41200
b,0.01971975527703762,0.0,41250
b,0.019762318581342697,0.0,41300
b,0.019589204341173172,0.0,41350
b,0.01908293180167675,0.0,41400
b,0.02068827860057354,0.0,41450
b,0.01961778849363327,0.0,41500
b,0.018850823864340782,0.0,41550
b,0.020226648077368736,0.0,41600
b,0.020795337855815887,0.0,41650
b,0.020674042403697968,0.0,41700
b,0.020505031570792198,0.0,41750
b,0.019204910844564438,0.0,41800
b,0.01956361159682274,0.0,41850
b,0.019641518592834473,0.0,41900
b,0.02069110982120037,0.0,41950
b,0.020458946004509926,0.0,42000
b,0.01900266297161579,0.0,42050
b,0.020001964643597603,0.0,42100
b,0.019459858536720276,0.0,42150
b,0.018749704584479332,0.0,42200
b,0.019041387364268303,0.0,42250
b,0.019723521545529366,0.0,42300
b,0.020036708563566208,0.0,42350
b,0.020130377262830734,0.0,42400
b,0.020269693806767464,0.0,42450
b,0.020296230912208557,0.0,42500
b,0.019072627648711205,0.0,42550
b,0.01981385238468647,0.0,42600
b,0.019153336063027382,0.0,42650
b,0.020128833130002022,0.0,42700
b,0.019605685025453568,0.0,42750
b,0.02004486322402954,0.0,42800
b,0.02010415308177471,0.0,42850
b,0.019161267206072807,0.0,42900
b,0.02001252770423889,0.0,42950
b,0.02062334679067135,0.0,43000
b,0.019184326753020287,0.0,43050
b,0.0206165611743927,0.0,43100
b,0.01895991712808609,0.0,43150
b,0.02083422616124153,0.0,43200
b,0.01980726234614849,0.0,43250
b,0.020952926948666573,0.0,43300
b,0.0204138346016407,0.0,43350
b,0.019457442685961723,0.0,43400
b,0.02037537842988968,0.0,43450
b,0.019563965499401093,0.0,43500
b,0.018605142831802368,0.0,43550
b,0.02159787528216839,0.0,43600
b,0.019986648112535477,0.0,43650
b,0.01995990052819252,0.0,43700
b,0.02053665928542614,0.0,43750
b,0.021234607324004173,0.0,43800
b,0.020794721320271492,0.0,43850
b,0.01906799152493477,0.0,43900
b,0.01951821893453598,0.0,43950
b,0.020476073026657104,0.0,44000
b,0.01890840381383896,0.0,44050
b,0.020483892410993576,0.0,44100
b,0.01948685385286808,0.0,44150
b,0.019499730318784714,0.0,44200
b,0.02113143913447857,0.0,44250
b,0.019063783809542656,0.0,44300
b,0.020201832056045532,0.0,44350
b,0.020174643024802208,0.0,44400
b,0.01866036280989647,0.0,44450
b,0.019474245607852936,0.0,44500
b,0.021330419927835464,0.0,44550
b,0.020236967131495476,0.0,44600
b,0.01995251514017582,0.0,44650
b,0.019489280879497528,0.0,44700
b,0.02065233141183853,0.0,44750
b,0.01886044070124626,0.0,44800
b,0.019708139821887016,0.0,44850
b,0.019536348059773445,0.0,44900
b,0.02122829295694828,0.0,44950
b,0.01939290575683117,0.0,45000
f,0.028621826320886612,0.0,40050
f,0.026134638115763664,0.0,40100
f,0.02698487974703312,0.0,40150
f,0.02949805185198784,0.0,40200
f,0.02770472690463066,0.0,40250
f,0.028504500165581703,0.0,40300
f,0.028896024450659752,0.0,40350
f,0.022043295204639435,0.0,40400
f,0.024043522775173187,0.0,40450
f,0.024594463407993317,0.0,40500
f,0.028923634439706802,0.0,40550
f,0.02501692809164524,0.0,40600
f,0.022471889853477478,0.0,40650
f,0.022057637572288513,0.0,40700
f,0.021967334672808647,0.0,40750
f,0.023884126916527748,0.0,40800
f,0.02239442989230156,0.0,40850
f,0.020934849977493286,0.0,40900
f,0.02086547762155533,0.0,40950
f,0.0202821996062994,0.0,41000
f,0.019621876999735832,0.0,41050
f,0.021747585386037827,0.0,41100
f,0.021755460649728775,0.0,41150
f,0.019518129527568817,0.0,41200
f,0.01976233720779419,0.0,41250
f,0.020175879821181297,0.0,41300
f,0.0194647628813982,0.0,41350
f,0.02085481584072113,0.0,41400
f,0.02054630219936371,0.0,41450
f,0.019686387851834297,0.0,41500
f,0.020457487553358078,0.0,41550
f,0.020596012473106384,0.0,41600
f,0.019936123862862587,0.0,41650
f,0.020582880824804306,0.0,41700
f,0.019924260675907135,0.0,41750
f,0.019571762531995773,0.0,41800
f,0.019805030897259712,0.0,41850
f,0.02028338797390461,0.0,41900
f,0.02035226859152317,0.0,41950
f,0.020850393921136856,0.0,42000
f,0.019445249810814857,0.0,42050
f,0.017759433016180992,0.0,42100
f,0.019992390647530556,0.0,42150
f,0.020153138786554337,0.0,42200
f,0.018482275307178497,0.0,42250
f,0.01951303333044052,0.0,42300
f,0.018195629119873047,0.0,42350
f,0.01942748762667179,0.0,42400
f,0.0216754749417305,0.0,42450
f,0.02118283323943615,0.0,42500
f,0.019987819716334343,0.0,42550
f,0.020252469927072525,0.0,42600
f,0.020417265594005585,0.0,42650
f,0.02069525234401226,0.0,42700
f,0.020074348896741867,0.0,42750
f,0.019838381558656693,0.0,42800
f,0.01948758214712143,0.0,42850
f,0.02005920372903347,0.0,42900
f,0.020772961899638176,0.0,42950
f,0.020397257059812546,0.0,43000
f,0.019688693806529045,0.0,43050
f,0.021760404109954834,0.0,43100
f,0.020478123798966408,0.0,43150
f,0.020274436101317406,0.0,43200
f,0.018106700852513313,0.0,43250
f,0.019492127001285553,0.0,43300
f,0.02033623680472374,0.0,43350
f,0.021584687754511833,0.0,43400
f,0.019409015774726868,0.0,43450
f,0.020056042820215225,0.0,43500
f,0.0207759328186512,0.0,43550
f,0.020253850147128105,0.0,43600
f,0.02009204961359501,0.0,43650
f,0.018847178667783737,0.0,43700
f,0.019677720963954926,0.0,43750
f,0.0207474734634161,0.0,43800
f,0.020579563453793526,0.0,43850
f,0.019518893212080002,0.0,43900
f,0.019579919055104256,0.0,43950
f,0.020705359056591988,0.0,44000
f,0.019067861139774323,0.0,44050
f,0.021271895617246628,0.0,44100
f,0.020027179270982742,0.0,44150
f,0.01802017353475094,0.0,44200
f,0.021700570359826088,0.0,44250
f,0.018181242048740387,0.0,44300
f,0.020433399826288223,0.0,44350
f,0.019584890455007553,0.0,44400
f,0.019619030877947807,0.0,44450
f,0.020308779552578926,0.0,44500
f,0.019760724157094955,0.0,44550
f,0.019315052777528763,0.0,44600
f,0.020619044080376625,0.0,44650
f,0.02022307738661766,0.0,44700
f,0.021854816004633904,0.0,44750
f,0.018073471263051033,0.0,44800
f,0.020837200805544853,0.0,44850
f,0.02002602070569992,0.0,44900
f,0.020471805706620216,0.0,44950
f,0.020165206864476204,0.0,45000
b,0.02524632029235363,0.0,45050
b,0.02632948011159897,0.0,45100
b,0.024894313886761665,0.0,45150
b,0.02902338281273842,0.0,45200
b,0.0291498601436615,0.0,45250
b,0.02470744587481022,0.0,45300
b,0.024922220036387444,0.0,45350
b,0.03290877491235733,0.0,45400
b,0.028564998880028725,0.0,45450
b,0.027161121368408203,0.0,45500
b,0.025557866320014,0.0,45550
b,0.022450771182775497,0.0,45600
b,0.02416395954787731,0.0,45650
b,0.022580381482839584,0.0,45700
b,0.022738631814718246,0.0,45750
b,0.02160857617855072,0.0,45800
b,0.02277199923992157,0.0,45850
b,0.022577855736017227,0.0,45900
b,0.021836310625076294,0.0,45950
b,0.021290168166160583,0.0,46000
b,0.021038493141531944,0.0,46050
b,0.019538341090083122,0.0,46100
b,0.019649149850010872,0.0,46150
b,0.020852217450737953,0.0,46200
b,0.019972706213593483,0.0,46250
b,0.020473651587963104,0.0,46300
b,0.01929721236228943,0.0,46350
b,0.018780356273055077,0.0,46400
b,0.020230339840054512,0.0,46450
b,0.019877946004271507,0.0,46500
b,0.019780181348323822,0.0,46550
b,0.02083016186952591,0.0,46600
b,0.019178850576281548,0.0,46650
b,0.021318692713975906,0.0,46700
b,0.020285703241825104,0.0,46750
b,0.019519377499818802,0.0,46800
b,0.020115375518798828,0.0,46850
b,0.02000376023352146,0.0,46900
b,0.020509885624051094,0.0,46950
b,0.021775711327791214,0.0,47000
b,0.020231112837791443,0.0,47050
b,0.019169388338923454,0.0,47100
b,0.020727645605802536,0.0,47150
b,0.02136511355638504,0.0,47200
b,0.019922256469726562,0.0,47250
b,0.018234338611364365,0.0,47300
b,0.017924582585692406,0.0,47350
b,0.02082788571715355,0.0,47400
b,0.020276732742786407,0.0,47450
b,0.019297298043966293,0.0,47500
b,0.020384740084409714,0.0,47550
b,0.021330082789063454,0.0,47600
b,0.01950734853744507,0.0,47650
b,0.020179318264126778,0.0,47700
b,0.01930897869169712,0.0,47750
b,0.019150031730532646,0.0,47800
b,0.020510228350758553,0.0,47850
b,0.019122332334518433,0.0,47900
b,0.020067017525434494,0.0,47950
b,0.018665656447410583,0.0,48000
b,0.01816754788160324,0.0,48050
b,0.01963869296014309,0.0,48100
b,0.017805777490139008,0.0,48150
b,0.018948568031191826,0.0,48200
b,0.019175609573721886,0.0,48250
b,0.019024988636374474,0.0,48300
b,0.020205259323120117,0.0,48350
b,0.019750073552131653,0.0,48400
b,0.019443098455667496,0.0,48450
b,0.021416272968053818,0.0,48500
b,0.020626546815037727,0.0,48550
b,0.019205279648303986,0.0,48600
b,0.018933501094579697,0.0,48650
b,0.019508518278598785,0.0,48700
b,0.020288772881031036,0.0,48750
b,0.01801951229572296,0.0,48800
b,0.01948762685060501,0.0,48850
b,0.01976620778441429,0.0,48900
b,0.020950190722942352,0.0,48950
b,0.019733736291527748,0.0,49000
b,0.021501069888472557,0.0,49050
b,0.0200527124106884,0.0,49100
b,0.017829477787017822,0.0,49150
b,0.0199861079454422,0.0,49200
b,0.020381590351462364,0.0,49250
b,0.021092046052217484,0.0,49300
b,0.019933350384235382,0.0,49350
b,0.01933658868074417,0.0,49400
b,0.01975332573056221,0.0,49450
b,0.01934737339615822,0.0,49500
b,0.019239667803049088,0.0,49550
b,0.01984882727265358,0.0,49600
b,0.02018839493393898,0.0,49650
b,0.020133648067712784,0.0,49700
b,0.019489355385303497,0.0,49750
b,0.019770842045545578,0.0,49800
b,0.02124939113855362,0.0,49850
b,0.0200586449354887,0.0,49900
b,0.01881975121796131,0.0,49950
b,0.019184164702892303,0.0,50000
f,0.028564590960741043,0.0,45050
f,0.02624194137752056,0.0,45100
f,0.028725741431117058,0.0,45150
f,0.024668702855706215,0.0,45200
f,0.0265345498919487,0.0,45250
f,0.02719547413289547,0.0,45300
f,0.0294685997068882,0.0,45350
f,0.027706783264875412,0.0,45400
f,0.025079455226659775,0.0,45450
f,0.023901626467704773,0.0,45500
f,0.026066133752465248,0.0,45550
f,0.022460851818323135,0.0,45600
f,0.0251820906996727,0.0,45650
f,0.022995425388216972,0.0,45700
f,0.024668622761964798,0.0,45750
f,0.022845566272735596,0.0,45800
f,0.021418815478682518,0.0,45850
f,0.022770926356315613,0.0,45900
f,0.02137734368443489,0.0,45950
f,0.0216722022742033,0.0,46000
f,0.020696762949228287,0.0,46050
f,0.018930509686470032,0.0,46100
f,0.021747054532170296,0.0,46150
f,0.020300626754760742,0.0,46200
f,0.02107737399637699,0.0,46250
f,0.019735362380743027,0.0,46300
f,0.01907370612025261,0.0,46350
f,0.01920110359787941,0.0,46400
f,0.01971832849085331,0.0,46450
f,0.019925829023122787,0.0,46500
f,0.020459752529859543,0.0,46550
f,0.019403532147407532,0.0,46600
f,0.019817285239696503,0.0,46650
f,0.02153845876455307,0.0,46700
f,0.019863223657011986,0.0,46750
f,0.021008487790822983,0.0,46800
f,0.019172493368387222,0.0,46850
f,0.02109699882566929,0.0,46900
f,0.019639618694782257,0.0,46950
f,0.02102367952466011,0.0,47000
f,0.019554046913981438,0.0,47050
f,0.019403880462050438,0.0,47100
f,0.01897752471268177,0.0,47150
f,0.021575670689344406,0.0,47200
f,0.019008105620741844,0.0,47250
f,0.018317632377147675,0.0,47300
f,0.017637506127357483,0.0,47350
f,0.020519446581602097,0.0,47400
f,0.01948288455605507,0.0,47450
f,0.01986219547688961,0.0,47500
f,0.019993705675005913,0.0,47550
f,0.020468860864639282,0.0,47600
f,0.02071157470345497,0.0,47650
f,0.019873112440109253,0.0,47700
f,0.01869015581905842,0.0,47750
f,0.021591410040855408,0.0,47800
f,0.020193690434098244,0.0,47850
f,0.02065342292189598,0.0,47900
f,0.020367253571748734,0.0,47950
f,0.01965256966650486,0.0,48000
f,0.018596909940242767,0.0,48050
f,0.020112117752432823,0.0,48100
f,0.019397633150219917,0.0,48150
f,0.01969337649643421,0.0,48200
f,0.018942078575491905,0.0,48250
f,0.018773015588521957,0.0,48300
f,0.019470928236842155,0.0,48350
f,0.020061396062374115,0.0,48400
f,0.020509740337729454,0.0,48450
f,0.020389650017023087,0.0,48500
f,0.019166728481650352,0.0,48550
f,0.01940712332725525,0.0,48600
f,0.019091881811618805,0.0,48650
f,0.020440667867660522,0.0,48700
f,0.01986730843782425,0.0,48750
f,0.018543455749750137,0.0,48800
f,0.01933625526726246,0.0,48850
f,0.01964695379137993,0.0,48900
f,0.020810138434171677,0.0,48950
f,0.019839351996779442,0.0,49000
f,0.020214037969708443,0.0,49050
f,0.01995278149843216,0.0,49100
f,0.01991022378206253,0.0,49150
f,0.01942380517721176,0.0,49200
f,0.021385686472058296,0.0,49250
f,0.020864734426140785,0.0,49300
f,0.02065550908446312,0.0,49350
f,0.02043045312166214,0.0,49400
f,0.020348239690065384,0.0,49450
f,0.019830569624900818,0.0,49500
f,0.01971462555229664,0.0,49550
f,0.01987028867006302,0.0,49600
f,0.019526507705450058,0.0,49650
f,0.018796464428305626,0.0,49700
f,0.019417747855186462,0.0,49750
f,0.018912825733423233,0.0,49800
f,0.021135052666068077,0.0,49850
f,0.01982075162231922,0.0,49900
f,0.020114818587899208,0.0,49950
f,0.01933952048420906,0.0,50000
b,0.026282135397195816,0.0,50050
b,0.0266005527228117,0.0,50100
b,0.02750474587082863,0.0,50150
b,0.028161875903606415,0.0,50200
b,0.03113573044538498,0.0,50250
b,0.02736189216375351,0.0,50300
b,0.025733385235071182,0.0,50350
b,0.023107746616005898,0.0,50400
b,0.024906350299715996,0.0,50450
b,0.025109782814979553,0.0,50500
b,0.023887304589152336,0.0,50550
b,0.021789396181702614,0.0,50600
b,0.022197332233190536,0.0,50650
b,0.022205185145139694,0.0,50700
